{"cameraMode":{"drawMode":0,"name":"Shaded","section":"Shading Mode"},"sceneLighting":true,"audioPlay":false,"sceneViewState":{"m_AlwaysRefresh":false,"showFog":true,"showSkybox":true,"showFlares":true,"showImageEffects":true,"showParticleSystems":true,"showVisualEffectGraphs":true,"m_FxEnabled":true},"in2DMode":false,"pivot":{"x":-2.965526580810547,"y":115.60259246826172,"z":-112.63079833984375},"rotation":{"x":0.17707042396068574,"y":0.15917359292507173,"z":-0.029016081243753434,"w":0.9708747267723084},"size":0.8820683360099793,"orthographic":false}